lattice,u,state,e0,gap,g_opt,overlap_gs,energy,c_exact,c_bound,norm_E,A,B,c_standard,c_formA,c_formB,c_half,residual,half_width,in_interval,dE_over_dt2_0.005,dE_over_dt2_0.01,dE_over_dt2_0.02,dE_over_dt2_0.05,dE_over_dt2_0.1,min_track_overlap,seconds_exact,seconds_pennylane,seconds_diag_T,c_pennylane
2x2,1.0,exact_gs,-3.340847617248346,0.047896236552163796,,0.9999999999999987,-3.340847617248344,0.16328708801749406,2.166666666666669,2.0062431729239667,-3.918834706162051,-3.9188347061620536,0.163284779423419,0.1632847794234188,0.1632847794234189,0.16328477942341885,-2.6645352591003757e-15,5.551115123125783e-17,False,0.16328708801749406,0.1632940119719601,0.16332171950792426,0.1635161038902655,0.16421657105408494,0.9999926077132673,0.2859223999839742,0.007320799995795824,0.0002851000026566908,0.163284779423419
2x2,1.0,free_fermion,-3.340847617248346,0.047896236552163796,,0.9813895066031952,-3.250202988308316,0.16328708801749406,2.166666666666669,2.0062431729239667,-3.999999898460933,-0.003999999898465639,-0.16633332911100007,0.16666666243587222,0.0001666666624360683,0.08341666454915414,3.9959998985624674,0.08324999788671807,True,0.16328708801749406,0.1632940119719601,0.16332171950792426,0.1635161038902655,0.16421657105408494,0.9999926077132673,0.2859223999839742,0.007320799995795824,0.0002851000026566908,-0.1663333291110001
2x2,1.0,gutzwiller,-3.340847617248346,0.047896236552163796,0.8200000000000001,0.999506513686398,-3.3373646538342148,0.16328708801749406,2.166666666666669,2.0062431729239667,-3.922344854144817,-4.1316114412252904,0.1808699178460735,0.16343103558936736,0.17215047671772044,0.16779075615354389,-0.20926658708047352,0.004359720564176532,False,0.16328708801749406,0.1632940119719601,0.16332171950792426,0.1635161038902655,0.16421657105408494,0.9999926077132673,0.2859223999839742,0.007320799995795824,0.0002851000026566908,0.18086991784607348
2x2,1.0,neel,-3.340847617248346,0.047896236552163796,,0.16177040274203888,0.0,0.16328708801749406,2.166666666666669,2.0062431729239667,0.0,-16.0,1.3333333333333333,-0.0,0.6666666666666666,0.3333333333333333,-16.0,0.3333333333333333,True,0.16328708801749406,0.1632940119719601,0.16332171950792426,0.1635161038902655,0.16421657105408494,0.9999926077132673,0.2859223999839742,0.007320799995795824,0.0002851000026566908,1.3333333333333337
2x2,1.0,random_s7,-3.340847617248346,0.047896236552163796,,0.019442907873075198,0.38747279327840317,0.16328708801749406,2.166666666666669,2.0062431729239667,-0.6338419294081459,2.2930417352750663,-0.21749689166492825,0.02641008039200608,-0.09554340563646109,-0.03456666262222751,2.926883664683212,0.060976743014233586,False,0.16328708801749406,0.1632940119719601,0.16332171950792426,0.1635161038902655,0.16421657105408494,0.9999926077132673,0.2859223999839742,0.007320799995795824,0.0002851000026566908,-0.21749689166492836
2x2,2.0,exact_gs,-2.8284271247461925,0.1425809591918652,,0.9999999999999998,-2.82842712474619,0.62244284919355,4.666666666666664,4.049782388343419,-14.938363213560544,-14.938363213560542,0.6224318005650225,0.6224318005650227,0.6224318005650226,0.6224318005650226,1.7763568394002505e-15,3.700743415417188e-17,False,0.62244284919355,0.6224759979724503,0.6226086319343554,0.6235388366356339,0.6268864671131859,0.9999713887718221,0.2924429999839049,0.006897800005390309,0.0002851000026566908,0.6224318005650225
2x2,2.0,free_fermion,-2.8284271247461925,0.1425809591918652,,0.9420852496880099,-2.5008118127455905,0.62244284919355,4.666666666666664,4.049782388343419,-15.999998375749819,-0.01599999837575452,-0.6653332657915962,0.6666665989895758,0.0006666665989897716,0.33366663279428277,15.983998377374064,0.332999966195293,True,0.62244284919355,0.6224759979724503,0.6226086319343554,0.6235388366356339,0.6268864671131859,0.9999713887718221,0.2924429999839049,0.006897800005390309,0.0002851000026566908,-0.6653332657915961
2x2,2.0,gutzwiller,-2.8284271247461925,0.1425809591918652,0.68,0.9990852251765256,-2.8204338970122187,0.62244284919355,4.666666666666664,4.049782388343419,-14.877415436326405,-16.090363416047495,0.7209713081570244,0.6198923098469336,0.670431809001979,0.6451620594244563,-1.2129479797210898,0.025269749577522704,True,0.62244284919355,0.6224759979724503,0.6226086319343554,0.6235388366356339,0.6268864671131859,0.9999713887718221,0.2924429999839049,0.006897800005390309,0.0002851000026566908,0.7209713081570238
2x2,2.0,neel,-2.8284271247461925,0.1425809591918652,,0.19336477008477032,0.0,0.62244284919355,4.666666666666664,4.049782388343419,0.0,-32.0,2.6666666666666665,-0.0,1.3333333333333333,0.6666666666666666,-32.0,0.6666666666666666,True,0.62244284919355,0.6224759979724503,0.6226086319343554,0.6235388366356339,0.6268864671131859,0.9999713887718221,0.2924429999839049,0.006897800005390309,0.0002851000026566908,2.6666666666666656
2x2,2.0,random_s7,-2.8284271247461925,0.1425809591918652,,0.015191018870027053,1.432545763464125,0.62244284919355,4.666666666666664,4.049782388343419,-2.5353677176325835,4.5860834705501325,-0.4878139441138687,0.10564032156802432,-0.19108681127292218,-0.04272324485244894,7.121451188182716,0.14836356642047324,False,0.62244284919355,0.6224759979724503,0.6226086319343554,0.6235388366356339,0.6268864671131859,0.9999713887718221,0.2924429999839049,0.006897800005390309,0.0002851000026566908,-0.4878139441138684
2x2,4.0,exact_gs,-2.102748483462081,0.29632463163897826,,0.9999999999999996,-2.102748483462074,2.1680935731183375,10.666666666666671,8.393147289860696,-52.032799587556646,-52.03279958755665,2.1680333161481937,2.1680333161481937,2.1680333161481937,2.1680333161481937,-7.105427357601002e-15,1.4802973661668753e-16,False,2.1680935731183375,2.1682743532608684,2.168997663085689,2.1740691697487327,2.192300250866974,0.9999040029540269,0.29703370000061113,0.00794589999713935,0.0002851000026566908,2.1680333161481937
2x2,4.0,free_fermion,-2.102748483462081,0.29632463163897826,,0.8502515336862404,-1.0032461274299238,2.1680935731183375,10.666666666666671,8.393147289860696,-63.999974023988806,-0.06399997402398586,-2.6613322531642014,2.666665584332867,0.002666665584332744,1.3346661249586,63.93597404996482,1.331999459374267,True,2.1680935731183375,2.1682743532608684,2.168997663085689,2.1740691697487327,2.192300250866974,0.9999040029540269,0.29703370000061113,0.00794589999713935,0.0002851000026566908,-2.661332253164202
2x2,4.0,gutzwiller,-2.102748483462081,0.29632463163897826,0.52,0.9990470253364538,-2.0925405229903937,2.1680935731183375,10.666666666666671,8.393147289860696,-52.36913653590888,-52.14572816191604,2.1634299911634662,2.18204735566287,2.172738673413168,2.177393014538019,0.22340837399283942,0.004654341124850821,False,2.1680935731183375,2.1682743532608684,2.168997663085689,2.1740691697487327,2.192300250866974,0.9999040029540269,0.29703370000061113,0.00794589999713935,0.0002851000026566908,2.163429991163466
2x2,4.0,neel,-2.102748483462081,0.29632463163897826,,0.2410388674678391,0.0,2.1680935731183375,10.666666666666671,8.393147289860696,0.0,-64.0,5.333333333333333,-0.0,2.6666666666666665,1.3333333333333333,-64.0,1.3333333333333333,True,2.1680935731183375,2.1682743532608684,2.168997663085689,2.1740691697487327,2.192300250866974,0.9999040029540269,0.29703370000061113,0.00794589999713935,0.0002851000026566908,5.333333333333333
2x2,4.0,random_s7,-2.102748483462081,0.29632463163897826,,0.01001806702220583,3.5226917038355685,2.1680935731183375,10.666666666666671,8.393147289860696,-10.141470870530334,9.172166941100265,-1.186908531363786,0.42256128627209727,-0.38217362254584436,0.020193831863126437,19.3136378116306,0.4023674544089708,False,2.1680935731183375,2.1682743532608684,2.168997663085689,2.1740691697487327,2.192300250866974,0.9999040029540269,0.29703370000061113,0.00794589999713935,0.0002851000026566908,-1.1869085313637862
2x2,8.0,exact_gs,-1.320234958271936,0.3323165434020664,,1.0,-1.3202349582719282,6.294135505583532,26.666666666666668,18.994948334980414,-151.0508858440168,-151.05088584401676,6.2937869101673645,6.293786910167366,6.293786910167365,6.293786910167365,2.842170943040401e-14,5.921189464667501e-16,False,6.294135505583532,6.295181411687609,6.29936686110406,6.328746264664797,6.434807574254989,0.9997365141701205,0.29430779999529477,0.006852999998955056,0.0002851000026566908,6.2937869101673645
2x2,8.0,free_fermion,-1.320234958271936,0.3323165434020664,,0.7030612395814144,1.9870244731063509,6.294135505583532,26.666666666666668,18.994948334980414,-255.9995847672845,-0.255999584767307,-10.645316066572912,10.66664936530352,0.010666649365304459,5.338658007334413,255.7435851825172,5.3279913579691085,True,6.294135505583532,6.295181411687609,6.29936686110406,6.328746264664797,6.434807574254989,0.9997365141701205,0.29430779999529477,0.006852999998955056,0.0002851000026566908,-10.645316066572919
2x2,8.0,gutzwiller,-1.320234958271936,0.3323165434020664,0.32,0.999688005566692,-1.3150250502443015,6.294135505583532,26.666666666666668,18.994948334980414,-148.4358141231616,-152.99700839651786,6.564925111244754,6.184825588465067,6.374875349854911,6.279850469159989,-4.56119427335625,0.09502488069492188,True,6.294135505583532,6.295181411687609,6.29936686110406,6.328746264664797,6.434807574254989,0.9997365141701205,0.29430779999529477,0.006852999998955056,0.0002851000026566908,6.564925111244754
2x2,8.0,neel,-1.320234958271936,0.3323165434020664,,0.2905654555379364,0.0,6.294135505583532,26.666666666666668,18.994948334980414,0.0,-128.0,10.666666666666666,-0.0,5.333333333333333,2.6666666666666665,-128.0,2.6666666666666665,False,6.294135505583532,6.295181411687609,6.29936686110406,6.328746264664797,6.434807574254989,0.9997365141701205,0.29430779999529477,0.006852999998955056,0.0002851000026566908,10.66666666666667
2x2,8.0,random_s7,-1.320234958271936,0.3323165434020664,,0.005751235760622282,7.7029835845784564,6.294135505583532,26.666666666666668,18.994948334980414,-40.565883482121336,18.34433388220053,-3.2189396352717665,1.690245145088389,-0.7643472450916887,0.4629489499983501,58.910217364321866,1.227296195090039,False,6.294135505583532,6.295181411687609,6.29936686110406,6.328746264664797,6.434807574254989,0.9997365141701205,0.29430779999529477,0.006852999998955056,0.0002851000026566908,-3.2189396352717683
